,MDC,k-NN,SVC,Perceptron,MLP 2-2-1,MLP 2-3-1,MLP 2-4-1
Blobs,1.0,1.0,1.0,1.0,1.0,1.0,1.0
Rings,0.3285714285714285,1.0,1.0,0.5171428571428571,0.6428571428571428,0.7685714285714286,0.9114285714285714
Moons,0.7841999999999999,0.9657000000000001,0.9566000000000001,0.8187000000000001,0.9046,0.9663999999999998,0.9688999999999999
AND,0.995,1.0,1.0,0.995,0.9975,1.0,0.9975
XOR,0.475,1.0,1.0,0.4825,0.88,0.895,0.9875
